회원ID,회원명,로그인PW,email,회원가입일,회원등급,생년월일,성별,사용유무
aji0y6,박수국,bfoLISRABr1,tekhf1@email.com,20250222,01,19890212,F,Y
0t9nt3,전천일홍,JRcoreogrN,jjfgy2@email.com,20241107,10,19750924,M,Y
j7yhl1c32,서글라디올러스,n62tOy4C,ggogp3@email.com,20250724,05,19790317,F,Y
4ffyvn,전맨드라미,pI6Qh2UVvsja,ssztn4@email.com,20211117,04,20050920,M,Y
t2tala7,임시클라멘,oJeTY8Hh,ryenp5@email.com,20251004,03,19840722,F,Y
qicatvazcc,이에키네시아,eoPni6JDWY,ecllm6@email.com,20251211,10,19710113,F,Y
igqpki,박채송화,gOHafUozD13k,akyuh7@email.com,20241011,10,19960307,F,Y
ut0cvs,안라벤더,7elKPoh3,gpqkp8@email.com,20240513,03,19850409,F,Y
q77awudt,안프리지아,522wjZRL9,ravhr9@email.com,20250310,04,19720224,M,Y
hmy4sj6bw3,이장미,VNqTIAae24,ovpdd10@email.com,20230121,05,19781108,M,Y
5owf75935a,한칸나,X1YqWg21nYC,hufaf11@email.com,20230205,04,19871117,F,Y
la5ju9bvm2,신붓꽃,h3lcBGYQ6TmA,yxqrd12@email.com,20250917,04,19910613,F,Y
p7y6wkt,김마가렛,nWLtBPFX7T,rhrqc13@email.com,20250501,10,19840426,M,Y
ir4cow,조모란,EpOaUVgAk7G,bgwlu14@email.com,20241013,09,19850820,F,Y
qf5q14j1ri,권카네이션,ou3ejxjnzu,mbvku15@email.com,20250111,09,19890801,F,Y
48p0tvhhp,김페튜니아,PXS058H4KP,clweg16@email.com,20230821,05,19860709,F,Y
q0b8ic,이수련,6mbjhPIn,stept17@email.com,20210325,04,19711001,F,Y
ozcywd14v,최칸나,WvAwFv0Yg7NZ,sltzh18@email.com,20251003,07,19940727,F,Y
3d5iqvn,김나팔꽃,lnXv2Rra6f,smtrq19@email.com,20240109,01,19830413,M,Y
ntm9tmqliz,한무궁화,6QlTrKVL8Zsw,hsdbb20@email.com,20230306,10,19960228,M,Y
rm8j5ecru,이개나리,Y6fpIzKMW,jxhpl21@email.com,20240131,09,19710421,M,Y
fgcaqv,임백합,rr1eoqXKX,fcfdg22@email.com,20220131,02,19841024,F,Y
yz7srcbpl,장튤립,oP1KbVYJ,tenlh23@email.com,20250812,10,19960216,F,Y
y4lyk83t,권해바라기,phV1Za1CdG,qmlbg24@email.com,20220528,07,19960201,M,Y
ttd96qe3,황모란,FqZ8pIx5F2,whuky25@email.com,20240102,04,19841019,F,Y
tmttqlgzu,윤베로니카,cURYxPY8EcF,pwwln26@email.com,20240314,06,19740216,F,Y
x444nlz15,이상사화,oQrof8VR,cehai27@email.com,20210703,05,19920308,F,Y
gc5wi6f,권금잔화,CP3CrHe69s,zrlhz28@email.com,20250224,03,19891012,F,Y
a3oa5296,황글록시니아,WoXnlpUVQi,cqbua29@email.com,20230309,01,19830624,F,Y
25nsjf6,황달리아,Uvh7i71S87,ujuan30@email.com,20241210,10,19811013,F,Y
qw7lvxw,권작약,Ohcc9hoHyx,ysops31@email.com,20251202,01,19961014,F,N
hqin9n6x,이제라늄,lh0CPNLbWp,dobtf32@email.com,20230430,05,19741001,F,Y
9t2d5em,윤수국,aqhAhdBwKC,fpsxr33@email.com,20231126,00,19680828,F,Y
r6ccvc,장상사화,Hu9GCLgR0OVS,flfil34@email.com,20240218,05,19920622,F,Y
yrddp0n,정벚꽃,KIuhvPU1,szpjp35@email.com,20231203,07,19790212,F,Y
u3493wxa,장튤립,qV5vliOeT,zcnjl36@email.com,20220609,05,20011003,M,Y
bcppvohsmd,류나팔꽃,PcyLasnipuaU,ejsnv37@email.com,20250206,06,19670701,F,Y
uuzpeal2,전맨드라미,f0pKGytvuk,ncnxj38@email.com,20251127,02,19800205,F,Y
f1c8wquuy5,전라넌큘러스,jeBsrdFtCd,vbwwp39@email.com,20240824,09,20001202,F,Y
xlrfcd6mzs,강백합,R9GLw4yWQ,bqiio40@email.com,20230510,10,20030311,M,Y
7lxxezd,송페튜니아,YPZTQGOAww,efymf41@email.com,20220209,04,19710925,M,Y
enf313fpoy,윤채송화,rUBHtYDZw69C,hjnzv42@email.com,20250312,04,19681116,F,Y
zsedfq,안개나리,f4Y25zyxxfn,icsid43@email.com,20210830,02,19950820,M,Y
j4t0se,임시클라멘,hoNMdZEHNJ,shajo44@email.com,20221209,01,19980603,M,Y
bnn0mcixd,류원추리,ivuNZQ8Dli,syafu45@email.com,20250611,04,19970727,F,Y
k5bxj2p,서원추리,3x8EE5GXTeL,voicr46@email.com,20231105,06,19751215,F,Y
wpx2cyos,강튤립,0QBhoOw6c,dljlb47@email.com,20220707,06,19851109,M,Y
0rnujj,권베고니아,r4Eh0C3BfQ0t,jboxw48@email.com,20251225,10,19760617,M,Y
2irmuq9,정상사화,eySDzzJh,ibmnd49@email.com,20251010,10,20020325,M,Y
3skf7i,안히아신스,pNIhsHFk,yersp50@email.com,20251016,00,19660202,F,Y
oxrwk8r2yk,박작약,jzCvi1t9,iktnc51@email.com,20230304,04,19930405,M,Y
5p8637zgf,안맨드라미,2EfyCoKdrL0,rhacd52@email.com,20230707,06,19880113,M,Y
nknqt3w,전무궁화,8yXv6UmFF,bdiml53@email.com,20240920,02,19851011,M,Y
0km3tzk3ny,신수국,XSQbD7WWJS,peqqv54@email.com,20221215,03,19671023,M,Y
lfyo1750c,정동백,I9Dx7CHHP,wrugm55@email.com,20250523,08,19840410,F,Y
lm72jeyn9,오부용,srSvBpDmH,ysdqp56@email.com,20231209,08,19791108,M,Y
zd1at7o7,황봉선화,UrrdVOoT0,axkvy57@email.com,20210723,07,19761228,F,Y
kv7mqx,안나팔꽃,0DlgkCplT,uotew58@email.com,20250807,08,19850213,M,Y
r7anqjl,류능소화,aOQdhtzF3Rth,xhpfd59@email.com,20221107,05,19911218,F,Y
1yv2stn,류무궁화,Z3mHk0BQ,smxlb60@email.com,20220801,07,20010118,F,Y
0o30ubmc,이카네이션,bzVV8OA9x14,jrroq61@email.com,20230402,08,19900905,M,Y
9qzpni,권리시안서스,r6SgYzV2a,fcaps62@email.com,20210123,06,19930418,M,Y
f9i6uu,한시클라멘,29GzrIKTkQ,obiqj63@email.com,20241222,06,19910310,F,Y
r4kz36u8ue,윤프리지아,ueBxHZdxL,bbupr64@email.com,20230417,05,19840107,M,Y
016zzo,윤벚꽃,WxHwqFEg8D,vxjko65@email.com,20230316,00,19810919,F,Y
ln4rxyj,황능소화,CTviHl397G0,bvbad66@email.com,20240204,02,19650417,F,Y
w76xatoazt,임튤립,YPX4gfjlGYqy,jkozf67@email.com,20240211,10,19670213,F,Y
cagrp2u4d,안백합,n13Dce53I,ayiyp68@email.com,20251231,06,19690506,M,Y
ytn02yc0m,최코스모스,ZvV7yVbq9,mjylr69@email.com,20240213,09,19830423,M,Y
n2fomd7,권델피늄,gfAIFgfILW,wakus70@email.com,20240504,09,19980322,F,Y
krcpprcj,윤능소화,Kmgs6uMXuuY,wzdiy71@email.com,20230610,02,19900610,F,Y
lk2n7h9,강난초,bT6mXZe0XPis,geljl72@email.com,20241025,06,19990928,F,Y
z3v6dixf,전백합,8QyU7AaqFGJJ,lkupn73@email.com,20230113,07,19710514,M,Y
mm2smdz,권라넌큘러스,sYh0OPk9,geeoy74@email.com,20230727,10,19760321,F,Y
5qpahkz2u2,송데이지,uCq1GNLLKv,vqvsh75@email.com,20240213,10,19730604,M,Y
nfnvupr,송작약,IEitBdwai,vznmr76@email.com,20240815,07,19750219,M,Y
kjtgq01,송목련,JqH9HUVB,fltqg77@email.com,20250117,07,19810628,M,Y
1i3vmz,신라벤더,immdvrHuRrq1,zrczu78@email.com,20250522,10,19731228,M,Y
31yrujoq,박제라늄,UR2CEK10f8NR,wukzv79@email.com,20240614,04,19860919,M,Y
261bw4a7f,권장미,mQiOj5qOpx4,ekhsg80@email.com,20241226,01,19650416,M,Y
sqame4y,황카네이션,xTgt2iVUi,zdnaq81@email.com,20240419,10,19740720,F,Y
6fe0mp,정시클라멘,NpLSr6b02m,pekqu82@email.com,20250503,07,19890208,F,Y
t997e4,류피튜니아,HkD9eKan56,khstl83@email.com,20241123,08,19991005,F,Y
sh3tow,박마가렛,T0dfACLtTTh,sseyn84@email.com,20250513,02,19880324,F,Y
1b3jcz,류금잔화,EFd1kjV3,rctaw85@email.com,20200124,07,19880705,M,Y
t60plo,한글라디올러스,JhPdnFcy,wwuic86@email.com,20240707,03,19831026,F,Y
qvr1h61,윤개나리,5bHNQauV,jthfz87@email.com,20240131,02,19820202,M,Y
o6q0uswovc,정시클라멘,qtXRTtqemW,peemk88@email.com,20240416,07,19840809,M,Y
3zb4ldim,안수선화,q9bzCUpCXi,avzdv89@email.com,20231119,10,19701019,F,Y
ac6pe6,한무궁화,6d5ASExA,jxhld90@email.com,20241111,03,19830814,F,Y
npx2i9ta,서칸나,DWvJtqbLbY,hvmjp91@email.com,20230323,01,19801108,F,Y
18u9n7,강데이지,KXR4bR6II,ezwmi92@email.com,20240216,00,19791008,M,Y
lw3mg2,한수선화,jRigGweR,rpiiz93@email.com,20250812,10,19961111,M,Y
y72ivglye0,류제라늄,cL57nJ6iUo8k,xcsqx94@email.com,20240515,03,19801203,F,Y
zbppfo,서리시안서스,xZWJVnBXcbqg,ixeby95@email.com,20250623,09,20040823,M,Y
vpbl9ot,송프리지아,sfyIEdafZM,mcfqz96@email.com,20240229,04,19900816,F,Y
nnngbpj4uf,최해바라기,YzUodyG7Q6,oghkw97@email.com,20211020,08,20011120,M,Y
g983ep9p9,정글록시니아,p44eyyurC2WM,nkkdp98@email.com,20250221,01,20010226,F,Y
5jxurgow,서백합,3uoU53bYsrE,scwdz99@email.com,20240613,04,19911021,M,Y
6orsnc2,박마가렛,zWGJk2mdcdwm,jmkxr100@email.com,20230908,09,19930328,F,Y
m4j3dab4,조베로니카,OQqzbWVa4,qpagu101@email.com,20231230,10,19820713,F,Y
qy3odsx,오벚꽃,Lsgd9N1qS3sj,txuup102@email.com,20241214,02,19661116,F,Y
o0u93mzyw,황팔레놉시스,F002lghqYV,ericj103@email.com,20250607,06,19860609,F,Y
q5v7c6,안무궁화,Gz1j9v939i1,ecizi104@email.com,20210820,04,19780319,M,Y
epppra,송팬지,63UGbaTo2t,cnhbb105@email.com,20250822,08,20030911,F,Y
m6mg87o,윤아네모네,nbFhSXxNV,qpbcv106@email.com,20210301,06,19930704,F,Y
hyapdsw,정피튜니아,FMrWELWZ,zjkeo107@email.com,20251219,07,19860401,M,Y
4yfds0,최프리지아,C8qdY20wP,ldwxa108@email.com,20221128,02,19860615,F,Y
nmeoq4,황달리아,OXhRd6jzKXQ,ejjar109@email.com,20250308,07,19960214,F,N
xa5s00i8,한동백,QMATDPNjZ3Ma,ynmme110@email.com,20250614,03,19860502,M,Y
oiq2q4qer,김연꽃,zIafLMsFmP6,jbflo111@email.com,20240830,10,19881215,M,Y
amw2tnd,강나팔꽃,YUzpmh0nZ,eitbq112@email.com,20240304,07,19941119,M,Y
tb74rs,강작약,kYgOLt2zLQpy,ihudp113@email.com,20250920,04,20000623,M,Y
zy7ez9gtwz,오벚꽃,K6SP3H2Aagx,bbguz114@email.com,20240315,00,19830425,M,Y
d5050ui22,임작약,5y78tIap,quwvx115@email.com,20251128,05,20020924,M,Y
kgyggsn,신글라디올러스,qj0aC6c5LVM0,huobs116@email.com,20240404,08,19690906,F,Y
dhhlmh1t9,김무궁화,B4MM7Qt46x,ohxvj117@email.com,20250817,07,19670521,M,Y
8g8tac,조에키네시아,ZmZ2TAYeQbS,abegb118@email.com,20250513,06,19890821,F,Y
oeazc0,이작약,wFrQLr5x,vaeft119@email.com,20251007,04,20050310,F,Y
tteavt,박마가렛,U4vzOFjnZ,feuww120@email.com,20251009,07,20000210,M,Y
0rlexdw,조라넌큘러스,BMsKJwtAapn,tlvdt121@email.com,20250825,07,19870516,M,Y
ck36h0w064,김아마릴리스,JVncq3HOjy3K,wdncj122@email.com,20200502,09,19750905,F,Y
8x80rmhrcn,이팔레놉시스,GXy42cOg8,qhtpo123@email.com,20230713,05,20021127,M,Y
9io3m25a5,권라벤더,eNnlwShoY,smmfe124@email.com,20250112,03,19670319,M,Y
bucjg8vuaz,임해바라기,B91kZLXYl,rgsil125@email.com,20240427,06,19890304,M,Y
y3vg6v5t1d,정붓꽃,Z3WOGwcGoXWx,pttsc126@email.com,20220902,03,19700520,F,Y
z2ueax,한피튜니아,gAKqHJL9ym,ooeom127@email.com,20251023,05,19901205,M,Y
28ds22wyb,서금잔화,XZDLfqwL,sykrh128@email.com,20250130,02,20050815,M,Y
kbvsigbiaf,장부용,vyKGTefrZ4v,zhpfy129@email.com,20240513,02,19910904,M,Y
82853uy8,류봉선화,U7CCKbheN,zrfiy130@email.com,20240105,04,19800503,F,Y
c7rm6j8y,조나팔꽃,opqoZZwWh,cymaw131@email.com,20250904,05,20040616,F,Y
khub2rtsoy,강맨드라미,RCQanKuL,gogmp132@email.com,20230913,06,19780723,F,Y
kgeuidjip,서팬지,XTDaAi3NH,imgwb133@email.com,20210325,00,19780516,M,Y
jmu3momy,전팬지,JOkWwPET3xrN,deviq134@email.com,20240206,01,19750608,F,Y
zvo5270s,권피튜니아,lbTP6Rekg,bwoak135@email.com,20250212,01,19811005,M,Y
likwe4bx4,한에키네시아,C15Ii6HKCU2,lqnxm136@email.com,20230215,07,19840614,F,Y
a34mqa,황수련,sVXLXHl2BpS,qvfcq137@email.com,20241109,10,19820521,F,Y
gkwwjw,조라넌큘러스,j8b8rhBa,cafku138@email.com,20240709,07,19670603,M,Y
cqg433e1i,권시클라멘,mTfPmy76,estod139@email.com,20240601,03,19880128,M,Y
wlgje2a,이수국,QjVpEQu8Vdw,encmi140@email.com,20241126,05,19931207,M,Y
0jbzutru,송리시안서스,TrZ4Iejsqw,aqjea141@email.com,20251114,03,19851203,F,Y
1fkoldxb7,강에키네시아,mEgJZOGR,gjpby142@email.com,20230909,01,19941102,F,Y
32cwt04ch,안연꽃,SGlGpMlU,kcqjl143@email.com,20240223,02,19760913,F,Y
9pml9ln1p0,전시클라멘,HxIUwC7acrbi,xazfi144@email.com,20251220,04,20000918,M,Y
menui3do7,박능소화,XkZQJ4KsTJ,cbujv145@email.com,20240302,03,20030121,F,Y
btfshb0oqv,안해바라기,AWjuDUHqy,lstmf146@email.com,20231020,03,20001024,M,Y
1l7dypml,전과꽃,VkvYXMB5,gresc147@email.com,20250505,09,19740501,F,Y
kql0ht,장벚꽃,M9RPx4GpdmR,hmybr148@email.com,20241203,05,19710110,F,Y
sz6rvdh8u,김백합,5sEUbQws9,zhbgk149@email.com,20250116,08,19820405,F,Y
dn8wwii,정코스모스,4uHmiHX1tR,ndzzd150@email.com,20250322,05,19690918,M,Y
015oop7,장개나리,glVLqJooQ,jrmnp151@email.com,20250711,02,19890816,M,Y
b1ajo09,조카네이션,591EuCpzc,tjipt152@email.com,20240925,10,19670904,F,Y
5it9bn,이팬지,B2Vrks4Q4C,qcnep153@email.com,20251007,02,19900711,F,N
vzhqjy62z,최해바라기,RNfRT8Lj,obeiw154@email.com,20250325,02,19761202,F,Y
kg68a1arr,김붓꽃,oKDzeLpHMIZ,bdqaw155@email.com,20241104,04,19860202,M,Y
fkxzuu8,류델피늄,fswxeAIs,dshnn156@email.com,20241109,00,19711024,M,Y
79kvls9meu,안능소화,ElLR8abMh0X,zkioq157@email.com,20200413,04,19810210,F,Y
1elou83g,한난초,4XODM3HuWzU,vhsin158@email.com,20231217,05,19870205,F,Y
9w4uov51,한모란,qf2xZsGk,jafcn159@email.com,20250914,02,19770616,F,Y
1d9s9hb,서모란,htc02u3gVUbV,qffhn160@email.com,20251210,01,19820306,F,Y
udttj72ugl,한매화,db4dxfyR3NQ,ljift161@email.com,20250210,07,20010303,F,Y
yzqii4w6,서데이지,W2CbDvCkVL,dcvui162@email.com,20240603,08,19940719,F,Y
t9nm3v2,신철쭉,HoPe5JEKCI,veybc163@email.com,20250714,05,19961122,M,Y
56wafft,서상사화,Bm2sXQ46S49K,pnwwb164@email.com,20250128,00,20000604,F,Y
pvwzoph,강봉선화,lx50j9Pie,asmlz165@email.com,20211125,06,19941220,F,Y
stqmgvu4i,안글라디올러스,5JccDwJ7eTG,wthnn166@email.com,20240505,07,20051222,M,Y
2lbm2qsq0p,임히아신스,c5UTIdDkd,zvqhc167@email.com,20240522,04,19731009,F,Y
0v60xn,강프리지아,EX1vfi5jE,zuglq168@email.com,20230626,00,19810202,M,Y
k01tnzrf5,김히아신스,xtG7gGv0LOq,hugpl169@email.com,20240503,10,20020417,F,Y
laacosy,오아네모네,pcMdK3nLh7,cpjtq170@email.com,20250405,01,19760510,F,Y
w7jp61,한프리지아,Wrdy9qYle,zfkqc171@email.com,20240808,03,20041104,F,Y
bc01ar,김백합,qR4JF6EB0WW,oayvm172@email.com,20240702,05,19840702,M,Y
cq1xgbng,서연꽃,E2Blcb9oyX,qmzvz173@email.com,20200622,00,19861202,F,Y
qy5fu7bfxq,전백합,RikdtXCkK,vcmuf174@email.com,20250807,05,19900604,M,Y
1vmefoz,송라벤더,pKiXNxj2fa5,sphsu175@email.com,20240305,03,19741109,F,Y
vbgr8w2,오피튜니아,Il98M19F,mqfbc176@email.com,20220831,07,19760322,M,Y
kpm21b07,강라벤더,Eh3SKumP,iuict177@email.com,20250712,03,19690819,F,Y
f7qnezw9h,정백합,di0Ckv2LWNLk,zwcwm178@email.com,20251030,07,19940501,F,Y
ipi7866,신백합,9TFAyYRg,mctsk179@email.com,20230703,04,19801103,M,Y
fquv9qez,강칸나,MRaMxQGsUR,pofrq180@email.com,20230129,08,19880104,F,Y
bnxzu1emtx,류에키네시아,UVt3FAdxC,nvmnv181@email.com,20250820,09,19881123,M,Y
dog8cfeff,조동백,s8HivBNs,bwgyq182@email.com,20240624,10,19850819,F,Y
e2gjr81bmq,강상사화,Sr80QPjoc,idgeo183@email.com,20210612,05,19740615,M,Y
7orfql,김원추리,8uRDr68JjJ4B,rtxdo184@email.com,20230725,09,19790812,M,Y
xvh7katqyd,안제라늄,ELFdPySAx,aiilo185@email.com,20230816,06,19930506,F,Y
fvdhr59c8,서해바라기,z4zISUil,jobvv186@email.com,20231014,07,19790126,M,Y
84rx6pry,윤튤립,VE8LwDBp,rzvjt187@email.com,20200512,02,20020105,F,Y
mbnw8bk,박목련,VlfUH2ZQs,rrcpv188@email.com,20200922,04,19880814,F,Y
dfhg6w3,안베로니카,SRXz4hibvQiB,znzeh189@email.com,20250302,03,19731205,M,Y
ecy2c11,이팬지,cOKD4csa,cdppf190@email.com,20240115,01,19741209,F,Y
2wsc31tz8g,송장미,550DRlPg,vzlnk191@email.com,20250610,01,19940217,M,Y
zublekvl,권아네모네,z9A13X6waPPy,nrdks192@email.com,20250328,01,19880411,M,Y
e40kzuj2x,서리시안서스,P69FjChEo6b,tvmae193@email.com,20240616,02,19841020,M,Y
12hxrjm4t8,이코스모스,xtxCcI1s,smdsm194@email.com,20211212,07,20001118,F,Y
sor8wm9,한수선화,KhwYKVMx,lzkbg195@email.com,20230609,09,19701203,F,Y
alq5u6j,황수국,9xyJYgPu,ntipj196@email.com,20240911,10,19690907,F,Y
9oi0d4dm,박철쭉,DnXOsXAHmyMC,teasw197@email.com,20240419,10,19940521,F,Y
snffyk,신피튜니아,14N0qrjQoo,dauim198@email.com,20250805,10,19670406,F,Y
2jtxb02b,박라넌큘러스,sd73P2y00oJF,drpun199@email.com,20240216,03,20030225,F,Y
0307hdhjo5,이나팔꽃,x6tAQ726wSYb,zpvry200@email.com,20241209,03,19810913,F,Y
6ytipa87,장마가렛,6Us1jBtY,quhcu201@email.com,20240730,05,19920227,M,Y
cp0tlz1xgp,정장미,msJgpSVOiKz,ylwde202@email.com,20240616,04,19770214,F,Y
85i87xw69,조프리지아,dMLj7kJaG,uyvmf203@email.com,20230517,04,19960705,F,Y
h30gg2b9iq,윤델피늄,QCaiuQQSRTpf,bigxz204@email.com,20251103,00,19650517,F,Y
ye6bggrmq,박라넌큘러스,Aqt8E8rwA3qZ,ynlet205@email.com,20240318,08,20050802,M,Y
gqfqe6r,권리시안서스,EE01hf1lkFq3,ppzno206@email.com,20240209,03,19961104,F,N
ov84fc,황맨드라미,Ka8O6uTT7J,fbqib207@email.com,20211105,06,19700709,M,Y
d4f2k1xer,신원추리,4LwfwmByqL,ckjeq208@email.com,20210920,05,19941108,M,Y
wskp6rfe64,안코스모스,JI4FFzCSYw,ptatm209@email.com,20250721,00,19700723,F,Y
1q3m73hc9,장에키네시아,AbyaOCzO,tshvq210@email.com,20241219,10,19900503,M,Y
ea84hxx,신글록시니아,lsCDbkjR7D1K,fovba211@email.com,20241231,06,19910824,F,N
rvwy3rztp,한벚꽃,qO3hMOBB,esmln212@email.com,20241216,05,20031222,F,Y
0op7xmr8,강상사화,rUPimLgz9,hfbaw213@email.com,20230323,02,19970126,M,Y
weijmm,이부용,qjQFPR5BC0gg,puyvb214@email.com,20211119,01,19780606,F,Y
r5fn3eh81a,황스토크,FfxUwPjUAo,ukklw215@email.com,20250705,00,19930325,M,Y
7dl9fc1xx6,이금잔화,8z2R2StvZ3Lj,kqxqq216@email.com,20240625,10,19900410,M,N
oz5sthsl,한수련,b3HqZsAFT,vgndt217@email.com,20250818,04,20011201,F,Y
29u6wtv,오마가렛,PYJixTgGlW,ldlkc218@email.com,20240307,07,19780803,F,Y
vsojrpp7r,신아마릴리스,ihSiR1hnD,tyjyp219@email.com,20240302,05,20010502,M,Y
9kr2fvb6,임베고니아,YEhv1zJJ3,umspt220@email.com,20240823,07,19930328,F,Y
xoiot860x5,김철쭉,IhIlMJdJlD,xdyea221@email.com,20250506,09,19930226,F,Y
r7mgat,서프리지아,hgkipftz,epiab222@email.com,20230613,02,19910609,F,Y
biviss,최글라디올러스,tIebN4bI,pctqd223@email.com,20240816,01,20050907,M,Y
2tp6qaq,전히아신스,a5DL0xvNK,nbtoh224@email.com,20230304,02,20000514,M,Y
58w9zjxl,조맨드라미,u4i5LaakIREy,cwqox225@email.com,20250816,10,19720627,F,Y
n439enga,김수련,QRlYMYn87c,mspaz226@email.com,20240226,04,20010916,M,Y
yvgv0e7450,장팬지,9QHpIC6N,ybylz227@email.com,20231215,08,19940812,M,Y
b7tlom5,김원추리,8AepktMfD,vpqig228@email.com,20210503,05,19680617,M,Y
w1wudcbl4c,정수선화,dLAgdd0yMz1,uqlml229@email.com,20240221,05,19660817,F,Y
dvc2gu,안프리지아,ASBpXdtB7U,ixudi230@email.com,20230708,00,19981022,M,Y
3ubm9xhcgr,권붓꽃,0Jusug24E5,qsmfm231@email.com,20250619,06,19780706,M,Y
mtfpw6,오백합,mrnqk0pm,egcvd232@email.com,20240226,05,19780515,M,Y
x79955cf,정칸나,lxxL8pcMl,nuibu233@email.com,20250918,09,19960424,M,Y
cs1xsrqlnz,황봉선화,KNXOm3ConA,jevgc234@email.com,20250601,07,19980608,M,Y
mqpnrjapjc,박히아신스,FNW5gecmmusY,rhszz235@email.com,20251006,04,19650510,F,Y
831ax985i,조봉선화,FWUSCXtlV,sfloj236@email.com,20240306,04,19650826,F,Y
p11ykvubf,한철쭉,4Jyx6dxDu7Ns,erevp237@email.com,20200411,01,19890507,M,Y
ccsg4ofdtr,박페튜니아,imARDL6KF,rhadb238@email.com,20230507,08,19861016,F,Y
0k5qzz,임제라늄,Z0zlMAxORfRc,xewnr239@email.com,20210422,07,19910904,F,Y
s2ofhb,김카네이션,xU1yah4uUEe,ogydv240@email.com,20250329,00,20030206,F,Y
gyajpgz6t,권작약,ZYNS3ytd,autyj241@email.com,20230216,00,19910101,F,Y
h523gg,신목련,YuMM5yAo,ciara242@email.com,20230423,01,19821120,F,N
o1r9z27,류라벤더,7L8RQ8RuN2,iwmip243@email.com,20240714,08,20051208,M,Y
1eipicerhn,이시클라멘,9B2itWcXzYUo,tifbx244@email.com,20251218,03,20030717,F,Y
cr8b97,정해바라기,KZ5oeStSp,eghlq245@email.com,20230904,01,19880713,M,Y
s0132an41,임붓꽃,jTpCCxLeiDjl,ansmy246@email.com,20250711,06,19960521,M,Y
9e7f18,오목련,NwdxApD5wRb,rdpyd247@email.com,20231024,10,19750104,M,Y
ov6sgp3jk,송팔레놉시스,KTU51gJXYqm,tsaem248@email.com,20211223,06,19980721,F,Y
ggersdu,조데이지,dlVq3zMM1,ehjhi249@email.com,20240901,07,19710102,F,Y
x2bh2n,안수련,5DuAw39Y6P,jbjic250@email.com,20241223,06,19730120,M,Y
81iqy5sx,김금잔화,bwcYuBLyLf,lyyzw251@email.com,20250717,04,20030423,M,Y
2zbrd399q6,최봉선화,onUOfASj53Vn,gmxdd252@email.com,20240908,01,19860419,M,Y
600x28pij,임해바라기,fT6Uhw07,oabnw253@email.com,20250613,05,19730922,M,Y
tqf74r,권개나리,rU0ZctFQq0JN,fhzbv254@email.com,20220418,03,19680328,F,Y
9x49tmy9,서제라늄,GrRm1yiU,puwsl255@email.com,20220312,07,19950505,M,Y
0a0uy9f,신난초,5f8ld8OK8,qkagm256@email.com,20240329,10,19891226,M,Y
jxnecrysa,류철쭉,qUXlENAJgd4,uevao257@email.com,20240928,07,19690927,M,Y
86gvgt2,최백합,JOfpUfhs7,ezrgb258@email.com,20250531,10,19990805,F,Y
69vsyxbbf4,조진달래,IKrTAIqOkC6P,ydfqh259@email.com,20241126,03,19881022,M,Y
l2n8ijt,송피튜니아,uf4WjXqg,zfyud260@email.com,20240605,09,19960217,F,Y
tv6g8om0,송벚꽃,2yKqQSOiJq4N,jurkl261@email.com,20240630,07,19970509,F,Y
k48oldc,윤해바라기,Jfr5Ya6P5,dmrrn262@email.com,20210108,09,19771201,F,Y
i0835tvv,강난초,4kwivdEk8uQZ,wwhmg263@email.com,20201119,09,19900410,M,Y
4caqkdm0oa,신나팔꽃,fFjhEjOoy,hlevc264@email.com,20240812,02,19730624,F,N
dkeplbx,황팔레놉시스,hEEQhUWyTT,vdyud265@email.com,20230107,10,19800122,F,Y
0pkr1ifsi1,장작약,PADWgTLl1,qddkh266@email.com,20220316,06,19661007,M,Y
olwimrsxk,장델피늄,6Sp3laOtrr,plgmi267@email.com,20211209,00,20000311,F,Y
0vvijvdd,전무궁화,K4OlR5eH,iszfs268@email.com,20210409,06,20001209,F,Y
weprs82gj,정히아신스,7d8lYEHF,blnok269@email.com,20240415,02,19650319,M,Y
52qzsk,윤히아신스,Ikcocj25qX,qgvna270@email.com,20231106,05,19850223,F,Y
6k9wam0kj,김매화,gUxO1NIYnqKY,tegsj271@email.com,20250217,07,19760806,M,Y
7gkl53ygf,신시클라멘,48gGTYLxbZV,qbgcd272@email.com,20240107,00,19710924,F,Y
hrupfl,정시클라멘,HqHbcHg2,kaffk273@email.com,20230527,03,19891123,M,Y
i8kcmm,박백합,jAulA3QMr2qE,jgxuu274@email.com,20250318,10,19740605,F,Y
3ep0fle1m,황코스모스,QzXuXOpzEHH,vkpkp275@email.com,20240422,01,19800601,M,Y
nred6m,정히아신스,i084pZdi7Rx,azjsr276@email.com,20211101,02,19660312,M,Y
a3o1qf,안작약,DSBNagdNLk,eklyl277@email.com,20250513,09,19970523,M,Y
jdn80oc,서데이지,LeQDOzxdxAqg,juige278@email.com,20210419,09,19650507,M,Y
idub9r,이라넌큘러스,6awrymUS,zsckt279@email.com,20210318,00,20020716,M,Y
ycw8ihy,정부용,9F9LGVBis,qybsr280@email.com,20231109,09,19690319,F,Y
f5t82d,최맨드라미,kseJveSC98,tlyyz281@email.com,20240705,04,19900728,M,Y
48nysj5ywx,윤작약,a0sjyeyCfCN3,mctxx282@email.com,20250413,06,19860211,F,Y
h0eqt8fhu,전부용,dYW8nnbVApk,dhcwl283@email.com,20240419,10,19810327,M,Y
m1fmpryfz,오작약,yaWLePMu96UT,idldw284@email.com,20211212,06,19810924,M,Y
wxub0gz,강붓꽃,nnlQ7wwstYh,mzkjv285@email.com,20240620,01,19760814,F,Y
fpkxywz76d,박달리아,fb5gUMHN,nurwf286@email.com,20251010,06,19720428,F,Y
86o3z0an,윤목련,qOt34Pa4cb,uvnti287@email.com,20221020,06,19800913,M,Y
32uew9g6s,신아네모네,ShhJyV4Z,eicaa288@email.com,20250320,00,20041218,M,Y
0eqwmi,윤마가렛,HpWWVOr5M,qpclp289@email.com,20210525,04,19760203,F,Y
orac8cy,서천일홍,NBjs4ON0hv,jzpan290@email.com,20230304,03,20030118,M,Y
hn6bedy,정글라디올러스,D7vIsUEFyl,erxhk291@email.com,20241027,04,19750424,F,Y
p03wvpunw,박채송화,37pzL26Gy,cvleg292@email.com,20230710,05,19740604,M,Y
zhulic,임붓꽃,GgrL21e3A,tiifu293@email.com,20240520,06,19720215,M,Y
nukx496k4o,송동백,ubDZzstv,cumbh294@email.com,20250910,10,19720620,M,N
3e950i,박팬지,YHaQd2ccsq,rujsy295@email.com,20240302,02,19850325,F,Y
sirrk1,황아네모네,qsfI2OTm,czbaf296@email.com,20250407,07,19710607,F,Y
zx4de7nq,전목련,Wlrkt1Oj2,tgxea297@email.com,20240819,05,19810218,M,Y
fssbjdx,신팬지,lkrLGgdpgh,xognh298@email.com,20251225,06,19900704,M,Y
rghwzkag,전봉선화,0QkQkuC7PA,azwet299@email.com,20200629,07,20020116,M,Y
3u94sg,정부용,gXuEvHPp,lvhin300@email.com,20241101,07,19720522,M,Y
